{"timestamp":"2025-11-25T17:32:12.220428Z","level":"INFO","message":"Logging initialized. Level: INFO","target":"rust_gpt_processor::orc_app_runner","filename":"src/orc_app_runner.rs","line_number":61,"threadId":"ThreadId(1)"}
{"timestamp":"2025-11-25T17:32:12.220446Z","level":"INFO","message":"Panic hook set.","target":"rust_gpt_processor::orc_app_runner","filename":"src/orc_app_runner.rs","line_number":62,"threadId":"ThreadId(1)"}
{"timestamp":"2025-11-25T17:32:12.220461Z","level":"INFO","message":"[Config Load] No user, local, or project default config file found. Using built-in default configuration values.","target":"rust_gpt_processor::configuration::functions::fnc_load_application_config","filename":"src/configuration/functions/fnc_load_application_config.rs","line_number":104,"threadId":"ThreadId(1)"}
{"timestamp":"2025-11-25T17:32:12.220475Z","level":"INFO","message":"Configuration loaded.","target":"rust_gpt_processor::orc_app_runner","filename":"src/orc_app_runner.rs","line_number":69,"threadId":"ThreadId(1)"}
{"timestamp":"2025-11-25T17:32:12.220481Z","level":"INFO","message":"[App Init] Initializing application state...","target":"rust_gpt_processor::application::orchestrators::orc_initialize_app_state","filename":"src/application/orchestrators/orc_initialize_app_state.rs","line_number":38,"threadId":"ThreadId(1)"}
{"timestamp":"2025-11-25T17:32:12.220517Z","level":"WARN","message":"[LangRegistry] Extension '.h' collision between 'c' and 'cpp'. Last one (alphabetical) wins.","target":"ofpf_parser_lib::language::language_registry","filename":"/usr/projects/ofpf_parser_lib/src/language/language_registry.rs","line_number":99,"threadId":"ThreadId(1)"}
{"timestamp":"2025-11-25T17:32:12.220537Z","level":"INFO","message":"[App Init] ofpf_parser_lib::LanguageRegistry initialized.","target":"rust_gpt_processor::application::orchestrators::orc_initialize_app_state","filename":"src/application/orchestrators/orc_initialize_app_state.rs","line_number":40,"threadId":"ThreadId(1)"}
{"timestamp":"2025-11-25T17:32:12.220539Z","level":"WARN","message":"[App Init] Placeholder violation pattern registration is temporarily COMMENTED OUT pending ofpf_parser_lib API finalization for get_all_profile_details_for_patterns.","target":"rust_gpt_processor::application::orchestrators::orc_initialize_app_state","filename":"src/application/orchestrators/orc_initialize_app_state.rs","line_number":41,"threadId":"ThreadId(1)"}
{"timestamp":"2025-11-25T17:32:12.220644Z","level":"INFO","message":"[App Init] Using Rust edition: 2021","target":"rust_gpt_processor::application::orchestrators::orc_initialize_app_state","filename":"src/application/orchestrators/orc_initialize_app_state.rs","line_number":63,"threadId":"ThreadId(1)"}
{"timestamp":"2025-11-25T17:32:12.220648Z","level":"INFO","message":"[App Init] Application state initialized successfully.","target":"rust_gpt_processor::application::orchestrators::orc_initialize_app_state","filename":"src/application/orchestrators/orc_initialize_app_state.rs","line_number":146,"threadId":"ThreadId(1)"}
{"timestamp":"2025-11-25T17:32:12.220652Z","level":"INFO","message":"[DB Init] Initializing in-memory SQLite database...","target":"rust_gpt_processor::database_services::schema_management::functions::fnc_initialize_app_database","filename":"src/database_services/schema_management/functions/fnc_initialize_app_database.rs","line_number":20,"threadId":"ThreadId(1)"}
{"timestamp":"2025-11-25T17:32:12.220788Z","level":"INFO","message":"[DB Init] In-memory database opened successfully.","target":"rust_gpt_processor::database_services::schema_management::functions::fnc_initialize_app_database","filename":"src/database_services/schema_management/functions/fnc_initialize_app_database.rs","line_number":22,"threadId":"ThreadId(1)"}
{"timestamp":"2025-11-25T17:32:12.221185Z","level":"INFO","message":"[DB Init] Database tables created successfully.","target":"rust_gpt_processor::database_services::schema_management::functions::fnc_initialize_app_database","filename":"src/database_services/schema_management/functions/fnc_initialize_app_database.rs","line_number":25,"threadId":"ThreadId(1)"}
{"timestamp":"2025-11-25T17:32:12.221195Z","level":"INFO","message":"Database initialized successfully.","target":"rust_gpt_processor::orc_app_runner","filename":"src/orc_app_runner.rs","line_number":100,"threadId":"ThreadId(1)"}
{"timestamp":"2025-11-25T17:32:12.221199Z","level":"INFO","message":"[Tool Discovery] Checking formatter tool availability...","target":"rust_gpt_processor::integrations::tool_discovery::functions::fnc_check_formatter_tool_availability","filename":"src/integrations/tool_discovery/functions/fnc_check_formatter_tool_availability.rs","line_number":37,"threadId":"ThreadId(1)"}
{"timestamp":"2025-11-25T17:32:12.223323Z","level":"INFO","message":"[Tool Discovery] Ruff found and executable ('ruff --version' OK).","target":"rust_gpt_processor::integrations::tool_discovery::functions::fnc_check_formatter_tool_availability","filename":"src/integrations/tool_discovery/functions/fnc_check_formatter_tool_availability.rs","line_number":52,"threadId":"ThreadId(1)"}
{"timestamp":"2025-11-25T17:32:12.260883Z","level":"INFO","message":"[Tool Discovery] rustfmt found and executable ('rustfmt --version' OK).","target":"rust_gpt_processor::integrations::tool_discovery::functions::fnc_check_formatter_tool_availability","filename":"src/integrations/tool_discovery/functions/fnc_check_formatter_tool_availability.rs","line_number":95,"threadId":"ThreadId(1)"}
{"timestamp":"2025-11-25T17:32:12.276230Z","level":"INFO","message":"[Startup] Found Git repository at: /usr/projects/wsl-clip/. Storing action.","target":"rust_gpt_processor::orc_app_runner","filename":"src/orc_app_runner.rs","line_number":140,"threadId":"ThreadId(1)"}
{"timestamp":"2025-11-25T17:32:12.276286Z","level":"INFO","message":"Starting main application TUI event loop...","target":"rust_gpt_processor::orc_app_runner","filename":"src/orc_app_runner.rs","line_number":168,"threadId":"ThreadId(1)"}
{"timestamp":"2025-11-25T17:32:14.239267Z","level":"INFO","message":"[Modal State] Showing prompt to use detected Git repository: /usr/projects/wsl-clip/","target":"rust_gpt_processor::application::state::state_management::modal_functions::fnc_show_startup_use_git_prompt","filename":"src/application/state/state_management/modal_functions/fnc_show_startup_use_git_prompt.rs","line_number":30,"threadId":"ThreadId(1)"}
{"timestamp":"2025-11-25T17:32:54.590979Z","level":"INFO","message":"[Git Setup Action] Activated Git features for repository: /usr/projects/wsl-clip/","target":"rust_gpt_processor::integrations::git_client::setup_actions::fnc_action_confirm_use_git_repo","filename":"src/integrations/git_client/setup_actions/fnc_action_confirm_use_git_repo.rs","line_number":37,"threadId":"ThreadId(1)"}
{"timestamp":"2025-11-25T17:32:54.591002Z","level":"INFO","message":"Activated Git features for repository: /usr/projects/wsl-clip/","target":"app_event","filename":"src/application/app_logic_helpers/logging_helpers/fnc_log_app_event_to_db.rs","line_number":29,"threadId":"ThreadId(1)"}
{"timestamp":"2025-11-25T17:32:55.266606Z","level":"INFO","message":"Clipboard processing triggered...","event_id":1,"target":"app_event","filename":"src/application/app_logic_helpers/logging_helpers/fnc_log_app_event_to_db.rs","line_number":29,"threadId":"ThreadId(1)"}
{"timestamp":"2025-11-25T17:32:55.266681Z","level":"INFO","message":"[Clipboard Workflow] Spawning async clipboard read task...","target":"rust_gpt_processor::features::clipboard_processing_workflow::steps::fnc_initiate_clipboard_processing_cycle","filename":"src/features/clipboard_processing_workflow/steps/fnc_initiate_clipboard_processing_cycle.rs","line_number":71,"threadId":"ThreadId(1)"}
{"timestamp":"2025-11-25T17:32:55.317834Z","level":"INFO","message":"[Clipboard Workflow] Continuing processing for hash: c1c1975e","target":"rust_gpt_processor::features::clipboard_processing_workflow::steps::fnc_continue_clipboard_parsing_and_validation","filename":"src/features/clipboard_processing_workflow/steps/fnc_continue_clipboard_parsing_and_validation.rs","line_number":50,"threadId":"ThreadId(1)"}
{"timestamp":"2025-11-25T17:32:55.317857Z","level":"INFO","message":"[Parser] Calling ofpf_parser_lib to parse content (length: 6199).","target":"rust_gpt_processor::core_services::text_parser::functions::fnc_parse_clipboard_into_blocks","filename":"src/core_services/text_parser/functions/fnc_parse_clipboard_into_blocks.rs","line_number":34,"threadId":"ThreadId(1)"}
{"timestamp":"2025-11-25T17:32:55.317862Z","level":"INFO","message":"[Parser] Starting two-phase parse. Lexing content...","target":"ofpf_parser_lib::parser::orc_parse","filename":"/usr/projects/ofpf_parser_lib/src/parser/orc_parse.rs","line_number":36,"threadId":"ThreadId(1)"}
{"timestamp":"2025-11-25T17:32:55.320705Z","level":"INFO","message":"[Parser] Lexing complete. Parsing 131 tokens with resilient state machine...","target":"ofpf_parser_lib::parser::orc_parse","filename":"/usr/projects/ofpf_parser_lib/src/parser/orc_parse.rs","line_number":38,"threadId":"ThreadId(1)"}
{"timestamp":"2025-11-25T17:32:55.321173Z","level":"INFO","message":"[Parser] Parsing complete. Found 1 valid blocks.","target":"ofpf_parser_lib::parser::orc_parse","filename":"/usr/projects/ofpf_parser_lib/src/parser/orc_parse.rs","line_number":43,"threadId":"ThreadId(1)"}
{"timestamp":"2025-11-25T17:32:55.321190Z","level":"WARN","message":"[Placeholder Scan] No specific patterns found or registered for language 'rust'. Using only generic patterns.","target":"rust_gpt_processor::core_services::placeholder_detection::functions::fnc_find_placeholder_violations","filename":"src/core_services/placeholder_detection/functions/fnc_find_placeholder_violations.rs","line_number":45,"threadId":"ThreadId(1)"}
{"timestamp":"2025-11-25T17:32:55.324366Z","level":"WARN","message":"[Violation Check] Violations found in block 1 (src/clipboard.rs)","target":"rust_gpt_processor::features::clipboard_processing_workflow::steps::fnc_continue_clipboard_parsing_and_validation","filename":"src/features/clipboard_processing_workflow/steps/fnc_continue_clipboard_parsing_and_validation.rs","line_number":165,"threadId":"ThreadId(1)"}
{"timestamp":"2025-11-25T17:32:55.324465Z","level":"ERROR","message":"[Violation Check] Forbidden Pattern(s) Found: 1 violation(s) across 1 block(s). HALTED.","target":"rust_gpt_processor::features::clipboard_processing_workflow::steps::fnc_continue_clipboard_parsing_and_validation","filename":"src/features/clipboard_processing_workflow/steps/fnc_continue_clipboard_parsing_and_validation.rs","line_number":185,"threadId":"ThreadId(1)"}
{"timestamp":"2025-11-25T17:32:55.324472Z","level":"ERROR","message":"Forbidden Pattern(s) Found: 1 violation(s) across 1 block(s). HALTED.","event_id":1,"target":"app_event","filename":"src/application/app_logic_helpers/logging_helpers/fnc_log_app_event_to_db.rs","line_number":27,"threadId":"ThreadId(1)"}
{"timestamp":"2025-11-25T17:32:57.200081Z","level":"WARN","message":"Processing allowed despite forbidden patterns.","event_id":1,"target":"app_event","filename":"src/application/app_logic_helpers/logging_helpers/fnc_log_app_event_to_db.rs","line_number":28,"threadId":"ThreadId(1)"}
{"timestamp":"2025-11-25T17:32:57.200211Z","level":"INFO","message":"[Block Processing] Analysis Complete. Total Blocks: 1. Shell Scripts: 0. Duplicates Found: false.","target":"rust_gpt_processor::features::block_processing_workflow::steps::fnc_initiate_block_processing_sequence","filename":"src/features/block_processing_workflow/steps/fnc_initiate_block_processing_sequence.rs","line_number":76,"threadId":"ThreadId(1)"}
{"timestamp":"2025-11-25T17:32:57.200694Z","level":"INFO","message":"[File Write] Preparing to write file: src/clipboard.rs","target":"rust_gpt_processor::integrations::file_system::file_writing::fnc_write_file_with_metadata_headers","filename":"src/integrations/file_system/file_writing/fnc_write_file_with_metadata_headers.rs","line_number":23,"threadId":"ThreadId(1)"}
{"timestamp":"2025-11-25T17:32:57.200811Z","level":"INFO","message":"[File Write] Successfully wrote file: src/clipboard.rs","target":"rust_gpt_processor::integrations::file_system::file_writing::fnc_write_file_with_metadata_headers","filename":"src/integrations/file_system/file_writing/fnc_write_file_with_metadata_headers.rs","line_number":119,"threadId":"ThreadId(1)"}
{"timestamp":"2025-11-25T17:32:57.200835Z","level":"INFO","message":"Write OK: src/clipboard.rs","event_id":2,"target":"app_event","filename":"src/application/app_logic_helpers/logging_helpers/fnc_log_app_event_to_db.rs","line_number":29,"threadId":"ThreadId(1)"}
{"timestamp":"2025-11-25T17:32:57.200891Z","level":"INFO","message":"[Code Formatting] Triggering formatting for 1 files. Event ID: Some(3)","target":"rust_gpt_processor::features::code_formatting_workflow::steps::fnc_trigger_code_formatting_tasks","filename":"src/features/code_formatting_workflow/steps/fnc_trigger_code_formatting_tasks.rs","line_number":49,"threadId":"ThreadId(1)"}
{"timestamp":"2025-11-25T17:32:57.329358Z","level":"INFO","message":"[Test Runner] Running cargo clippy...","target":"rust_gpt_processor::integrations::test_runner::cargo_test::fnc_run_cargo_tests","filename":"src/integrations/test_runner/cargo_test/fnc_run_cargo_tests.rs","line_number":54,"threadId":"ThreadId(2)"}
{"timestamp":"2025-11-25T17:32:57.651284Z","level":"INFO","message":"[Test Runner] Running Nextest...","target":"rust_gpt_processor::integrations::test_runner::cargo_test::fnc_run_cargo_tests","filename":"src/integrations/test_runner/cargo_test/fnc_run_cargo_tests.rs","line_number":125,"threadId":"ThreadId(2)"}
{"timestamp":"2025-11-25T17:32:58.192607Z","level":"INFO","message":"[Test Runner] Tests passed. Hiding output to reduce noise.","target":"rust_gpt_processor::integrations::test_runner::cargo_test::fnc_run_cargo_tests","filename":"src/integrations/test_runner/cargo_test/fnc_run_cargo_tests.rs","line_number":152,"threadId":"ThreadId(2)"}
{"timestamp":"2025-11-25T17:32:58.232626Z","level":"INFO","message":"Clippy + Cargo Nextest OK","event_id":4,"target":"app_event","filename":"src/application/app_logic_helpers/logging_helpers/fnc_log_app_event_to_db.rs","line_number":29,"threadId":"ThreadId(1)"}
{"timestamp":"2025-11-25T17:32:58.234410Z","level":"INFO","message":"[Git Commit] Commit created successfully: d556a643bd68d0c737247c0d0bb4038cf4f277c2","target":"rust_gpt_processor::integrations::git_client::commit_logic::fnc_perform_git_commit","filename":"src/integrations/git_client/commit_logic/fnc_perform_git_commit.rs","line_number":106,"threadId":"ThreadId(2)"}
{"timestamp":"2025-11-25T17:32:58.282786Z","level":"INFO","message":"[Git Task Handler] Git commit successful: d556a64","target":"rust_gpt_processor::features::git_operations::fnc_handle_git_commit_complete","filename":"src/features/git_operations/fnc_handle_git_commit_complete.rs","line_number":44,"threadId":"ThreadId(1)"}
{"timestamp":"2025-11-25T17:32:58.282871Z","level":"INFO","message":"Git commit successful: d556a64","event_id":6,"target":"app_event","filename":"src/application/app_logic_helpers/logging_helpers/fnc_log_app_event_to_db.rs","line_number":29,"threadId":"ThreadId(1)"}
{"timestamp":"2025-11-25T17:32:59.644454Z","level":"INFO","message":"[App Key] Quit requested via key: Char('q')","target":"rust_gpt_processor::event_handling::handlers::keyboard_input::functions::fnc_handle_global_keys","filename":"src/event_handling/handlers/keyboard_input/functions/fnc_handle_global_keys.rs","line_number":34,"threadId":"ThreadId(1)"}
{"timestamp":"2025-11-25T17:32:59.644477Z","level":"INFO","message":"Application TUI event loop finished. Exiting.","target":"rust_gpt_processor::orc_app_runner","filename":"src/orc_app_runner.rs","line_number":245,"threadId":"ThreadId(1)"}
{"timestamp":"2025-11-25T17:32:59.647538Z","level":"ERROR","message":"[EventHandler Task] Failed to send Tick event. Exiting.","target":"rust_gpt_processor::event_handling::event_handler_loop","filename":"src/event_handling/event_handler_loop.rs","line_number":80,"threadId":"ThreadId(16)"}
